Date,Open,High,Low,Close,Volume,Dividends,Stock Splits
2023-07-14 00:00:00+05:30,214.51377244111265,221.4979417764047,200.14634446965286,202.1916961669922,30232142,0.0,0.0
2023-07-17 00:00:00+05:30,202.54091069850094,205.78356074662966,192.06465669685434,199.8220672607422,5901876,0.0,0.0
2023-07-18 00:00:00+05:30,198.54996328976844,202.86517929631037,193.06240149030248,194.7086639404297,2018980,0.0,0.0
2023-07-19 00:00:00+05:30,195.5567333009355,197.00345098713225,191.7403868311177,192.1644287109375,1124340,0.0,0.0
2023-07-20 00:00:00+05:30,191.06692714926427,192.06466567223694,180.31630065394654,181.66323852539062,2141732,0.0,0.0
2023-07-21 00:00:00+05:30,180.56573572228103,190.46827840735764,178.81969330284744,187.0759735107422,2807828,0.0,0.0
2023-07-24 00:00:00+05:30,187.22560717395856,190.5430995777455,182.08726043495804,185.3299102783203,1969514,0.0,0.0
2023-07-25 00:00:00+05:30,186.97619302764994,189.22110470328528,184.60656403670149,188.34808349609375,1014816,0.0,0.0
2023-07-26 00:00:00+05:30,189.0963799870284,195.50685278808066,188.77211802476185,191.26646423339844,1702416,0.0,0.0
2023-07-27 00:00:00+05:30,191.8152223359468,193.03745806082972,189.81974538056633,191.8651123046875,571040,0.0,0.0
2023-07-28 00:00:00+05:30,191.86511228665051,208.52734181765476,191.56578769851538,206.50692749023438,4297024,0.0,0.0
2023-07-31 00:00:00+05:30,208.7268853199081,212.51829455877052,206.03299449007562,207.10556030273438,2198476,0.0,0.0
2023-08-01 00:00:00+05:30,207.52959458551013,209.40035415208624,202.0420331902202,202.91505432128906,1029376,0.0,0.0
2023-08-02 00:00:00+05:30,201.99214680573573,203.7132517272201,193.46147998600898,195.10775756835938,1491660,0.0,0.0
2023-08-03 00:00:00+05:30,197.97625817882752,197.97625817882752,191.66556542566244,193.06239318847656,700610,0.0,0.0
2023-08-04 00:00:00+05:30,194.90821600354423,199.3730865176289,194.5839388217034,196.529541015625,536828,0.0,0.0
2023-08-07 00:00:00+05:30,198.40029609190574,201.019359512855,195.30730081935826,196.55447387695312,393822,0.0,0.0
2023-08-08 00:00:00+05:30,197.5272687696283,198.45016462394048,193.83562445525953,196.08053588867188,527138,0.0,0.0
2023-08-09 00:00:00+05:30,195.75628601448315,202.93999999932748,193.43654710183188,199.8220672607422,772356,0.0,0.0
2023-08-10 00:00:00+05:30,198.74950075672396,207.37994768187315,192.56352526960325,194.4093475341797,1699122,0.0,0.0
2023-08-11 00:00:00+05:30,195.50685201858371,201.14408356248344,193.6111549971936,198.12591552734375,1082594,0.0,0.0
2023-08-14 00:00:00+05:30,199.4978078874954,204.73593495623683,195.13270199687759,202.51597595214844,950398,0.0,0.0
2023-08-16 00:00:00+05:30,204.436608210426,206.2574931136075,197.5522187966198,198.54995727539062,1099960,0.0,0.0
2023-08-17 00:00:00+05:30,201.01937810079633,203.53866182037993,197.62705793588754,202.29148864746094,844184,0.0,0.0
2023-08-18 00:00:00+05:30,204.53638737559024,211.64527400998577,202.29147580683377,203.03977966308594,2019334,0.0,0.0
2023-08-21 00:00:00+05:30,207.03074345234484,209.375435070313,200.09646376470096,205.6089630126953,1337782,0.0,0.0
2023-08-22 00:00:00+05:30,206.0080574470046,208.87655555889327,204.61121444925547,206.2574920654297,798986,0.0,0.0
2023-08-23 00:00:00+05:30,207.77903444175698,215.66116219161194,205.7586201485422,208.7268829345703,2165990,0.0,0.0
2023-08-24 00:00:00+05:30,209.94912238598846,212.9922277903098,209.05114862075803,210.8221435546875,855058,0.0,0.0
2023-08-25 00:00:00+05:30,209.82440372893805,210.94685951005832,205.11008335852057,207.10556030273438,799932,0.0,0.0
2023-08-28 00:00:00+05:30,209.4003639549482,211.34595095041195,205.085148064223,206.3323211669922,465914,0.0,0.0
2023-08-29 00:00:00+05:30,208.4774582463613,208.70195550042192,201.29374403208016,201.8175506591797,538590,0.0,0.0
2023-08-30 00:00:00+05:30,203.76313916863074,204.63616030435875,199.57262553771196,202.31640625,458644,0.0,0.0
2023-08-31 00:00:00+05:30,203.53865518608038,206.75636795704347,199.5477011628239,203.0896759033203,729542,0.0,0.0
2023-09-01 00:00:00+05:30,204.012573375512,205.7835530147755,201.69281932573932,203.58853149414062,386904,0.0,0.0
2023-09-04 00:00:00+05:30,204.53639240112292,205.7586281527446,201.04430765281106,201.7427215576172,467514,0.0,0.0
2023-09-05 00:00:00+05:30,203.53865215594953,203.53865215594953,194.08507386438598,194.5590057373047,1266874,0.0,0.0
2023-09-06 00:00:00+05:30,196.55447665433917,201.89238350598401,195.55673819416484,198.82432556152344,924210,0.0,0.0
2023-09-07 00:00:00+05:30,198.54997113868276,200.54544823555395,196.57943141580967,197.62705993652344,419564,0.0,0.0
2023-09-08 00:00:00+05:30,198.54994854523767,202.0420330673901,198.05107932778733,200.54542541503906,755702,0.0,0.0
2023-09-11 00:00:00+05:30,200.04655416331224,201.8674237436335,197.62703543842613,198.52500915527344,477950,0.0,0.0
2023-09-12 00:00:00+05:30,198.52501958096184,200.22117194726346,189.5703106588134,197.02841186523438,870536,0.0,0.0
2023-09-13 00:00:00+05:30,197.8016616681108,203.5386581603763,194.70866616517674,200.19622802734375,820232,0.0,0.0
2023-09-14 00:00:00+05:30,201.99214688946387,209.52507525911187,200.49553920904162,207.80397033691406,1205278,0.0,0.0
2023-09-15 00:00:00+05:30,209.00127421540083,243.94705839231804,208.97632161882893,238.83364868164062,13090612,0.0,0.0
2023-09-18 00:00:00+05:30,235.39145139710362,240.3053164029,230.05354449702983,236.13975524902344,2807750,0.0,0.0
2023-09-20 00:00:00+05:30,235.29167592415178,246.79062113469976,231.6249839353282,233.74517822265625,1680600,0.0,0.0
2023-09-21 00:00:00+05:30,233.47080529816188,253.92444422385555,233.34608798763935,243.39830017089844,4175046,0.0,0.0
2023-09-22 00:00:00+05:30,243.69762257191994,252.62737888026206,239.45723405224476,249.3348388671875,1740832,0.0,0.0
2023-09-25 00:00:00+05:30,255.64553986722805,266.8950347760191,255.42104262676966,261.73175048828125,3278960,0.0,0.0
2023-09-26 00:00:00+05:30,264.40070601841506,269.214806524402,259.4120134520299,265.69775390625,1420666,0.0,0.0
2023-09-27 00:00:00+05:30,265.89731290858504,312.51665087692294,264.79979445789894,303.61181640625,10037758,0.0,0.0
2023-09-28 00:00:00+05:30,306.3057327209812,336.2378890129338,306.1810154030981,313.5393371582031,11233364,0.0,0.0
2023-09-29 00:00:00+05:30,316.33296878241737,316.60737121969123,298.0743670157713,307.57781982421875,1944170,0.0,0.0
2023-10-03 00:00:00+05:30,304.8340218860013,328.15615723967875,300.3192616666057,320.3738098144531,1875140,0.0,0.0
2023-10-04 00:00:00+05:30,321.27179562171506,336.68686756000807,314.31256352435827,326.4849853515625,1916578,0.0,0.0
2023-10-05 00:00:00+05:30,329.25371893521014,332.64602388907224,314.78651007290546,318.2785949707031,990480,0.0,0.0
2023-10-06 00:00:00+05:30,318.2785508855779,325.1130650428955,318.2785508855779,321.5710754394531,543102,0.0,0.0
2023-10-09 00:00:00+05:30,319.675409849383,321.5711069128674,299.9451370683227,303.2875671386719,921048,0.0,0.0
2023-10-10 00:00:00+05:30,306.8045885243599,319.7751890148206,305.4077607150997,307.35333251953125,1232144,0.0,0.0
2023-10-11 00:00:00+05:30,310.64587533596347,329.2536915087936,309.32385969820814,324.68902587890625,1520222,0.0,0.0
2023-10-12 00:00:00+05:30,325.76163002249297,342.2243157663555,323.71627821555967,327.6074523925781,2065152,0.0,0.0
2023-10-13 00:00:00+05:30,328.0065321076151,333.44421911589643,318.8273257216803,324.6142272949219,721012,0.0,0.0
2023-10-16 00:00:00+05:30,325.7366925479362,332.74579962881546,318.8273349611682,329.9770812988281,948668,0.0,0.0
2023-10-17 00:00:00+05:30,334.24236896326727,347.11318842467807,330.60062983890185,333.7434997558594,1305690,0.0,0.0
2023-10-18 00:00:00+05:30,336.06326368404535,340.70274136037335,331.8228752957291,339.1063537597656,604984,0.0,0.0
2023-10-19 00:00:00+05:30,340.9022731400582,344.2197656697783,334.24238115761085,342.6483154296875,583326,0.0,0.0
2023-10-20 00:00:00+05:30,342.4238548419405,361.1813258852877,341.7503631060285,347.86151123046875,1009454,0.0,0.0
2023-10-23 00:00:00+05:30,349.0338688114146,354.29693309612884,313.0903164452263,316.7320861816406,1502256,0.0,0.0
2023-10-25 00:00:00+05:30,320.7729168377856,326.260478401107,304.31023214782147,308.4259033203125,687358,0.0,0.0
2023-10-26 00:00:00+05:30,309.67309715858215,311.79329154106136,290.34191308303633,306.2807922363281,762822,0.0,0.0
2023-10-27 00:00:00+05:30,309.3488218861899,321.7706788781196,309.3488218861899,312.1923828125,417956,0.0,0.0
2023-10-30 00:00:00+05:30,314.4372762136941,332.2219768178633,314.2876215312487,329.7276306152344,525452,0.0,0.0
2023-10-31 00:00:00+05:30,335.7140628352235,338.23334642017466,329.2786374274502,335.8138427734375,497996,0.0,0.0
2023-11-01 00:00:00+05:30,338.73221893249683,345.24245652035296,326.78429436939217,332.07232666015625,603398,0.0,0.0
2023-11-02 00:00:00+05:30,338.25830236096675,343.72092695600355,332.92039508340315,338.7571716308594,598316,0.0,0.0
2023-11-03 00:00:00+05:30,340.9272381567447,372.63037109375,340.25374643857486,372.63037109375,3581120,0.0,0.0
2023-11-06 00:00:00+05:30,390.1157663717316,390.5397930687971,358.2130706919009,361.10650634765625,2307630,0.0,0.0
2023-11-07 00:00:00+05:30,363.1767930634914,368.5146998204829,344.8932239255822,354.3468017578125,1240236,0.0,0.0
2023-11-08 00:00:00+05:30,356.6915261940763,362.1790881355236,344.768538523688,346.88873291015625,804080,0.0,0.0
2023-11-09 00:00:00+05:30,348.7594618024047,356.09284547405497,344.34448135596847,350.1064147949219,760618,0.0,0.0
2023-11-10 00:00:00+05:30,348.21071249582906,348.21071249582906,315.2853442655644,327.9566345214844,1824432,0.0,0.0
2023-11-13 00:00:00+05:30,344.21977575829976,356.69150676403524,335.7639360466987,347.1631164550781,1152024,0.0,0.0
2023-11-15 00:00:00+05:30,352.70055572430465,352.70055572430465,337.73447839512625,346.6392822265625,801192,0.0,0.0
2023-11-16 00:00:00+05:30,348.2107465683743,350.6302503214082,342.224315395279,343.3467712402344,532586,0.0,0.0
2023-11-17 00:00:00+05:30,343.22201987901735,343.67101435188795,333.1947608381389,337.6097412109375,491390,0.0,0.0
2023-11-20 00:00:00+05:30,340.2288218512211,358.1881145002592,339.9295124864953,349.5327453613281,1038632,0.0,0.0
2023-11-21 00:00:00+05:30,353.20467023941717,356.42698202813665,346.2105183534881,353.6293029785156,439872,0.5,0.0
2023-11-22 00:00:00+05:30,355.05311719812244,371.6892003069951,347.20966964161505,351.1313781738281,1466058,0.0,0.0
2023-11-23 00:00:00+05:30,353.1547018231116,378.65836937785946,352.2054833590706,370.3902893066406,1959768,0.0,0.0
2023-11-24 00:00:00+05:30,372.1887962302924,382.0805192128958,362.8466015553572,365.3445129394531,886746,0.0,0.0
2023-11-28 00:00:00+05:30,366.91818942081915,370.640083279807,360.7483303412673,363.49603271484375,399204,0.0,0.0
2023-11-29 00:00:00+05:30,365.19461881348064,366.9931026874126,354.7033917340236,360.4236145019531,402196,0.0,0.0
2023-11-30 00:00:00+05:30,360.7233770873693,373.16298798418984,358.0256510862358,359.2496032714844,514424,0.0,0.0
2023-12-01 00:00:00+05:30,359.97400070557495,371.6392650751746,359.97400070557495,367.0930480957031,613486,0.0,0.0
2023-12-04 00:00:00+05:30,377.1846189199262,392.17208722138025,369.99062193839535,386.00225830078125,1409510,0.0,0.0
2023-12-05 00:00:00+05:30,388.0005783261259,388.0005783261259,367.19296479112927,375.7358093261719,833546,0.0,0.0
2023-12-06 00:00:00+05:30,377.084695911751,383.67918805486033,367.44276408118463,370.015625,386952,0.0,0.0
2023-12-07 00:00:00+05:30,370.88986791842825,373.6625432575861,359.69921352309973,363.6708984375,522060,0.0,0.0
2023-12-08 00:00:00+05:30,364.79497531335124,368.3669702061149,353.7042429528539,360.2237854003906,491808,0.0,0.0
2023-12-11 00:00:00+05:30,361.34785569898327,367.19297445194087,359.0997354472367,362.57183837890625,357984,0.0,0.0
2023-12-12 00:00:00+05:30,364.19547492629266,380.93148097571765,363.3961554909141,378.25872802734375,1121372,0.0,0.0
2023-12-13 00:00:00+05:30,377.55927959467544,385.6774910315441,369.7658088121137,372.1388244628906,584924,0.0,0.0
2023-12-14 00:00:00+05:30,375.18629001687344,411.2811095291492,372.1887963549544,379.9073486328125,3751642,0.0,0.0
2023-12-15 00:00:00+05:30,383.1046423798792,388.4002326103344,369.6908709483818,374.0871887207031,908680,0.0,0.0
2023-12-18 00:00:00+05:30,375.1862710239562,379.6825112892233,363.79580178369565,374.33697509765625,655566,0.0,0.0
2023-12-19 00:00:00+05:30,374.61175330903404,376.68503192828376,369.191297871355,372.638427734375,453352,0.0,0.0
2023-12-20 00:00:00+05:30,373.18795787481804,385.0030908263222,357.2013251412248,360.0489501953125,1294014,0.0,0.0
2023-12-21 00:00:00+05:30,358.7000612542202,367.0930370904431,351.73088265650534,361.89739990234375,564812,0.0,0.0
2023-12-22 00:00:00+05:30,363.67091443796386,368.8415786630206,359.02480549062454,363.4710693359375,398928,0.0,0.0
2023-12-26 00:00:00+05:30,364.3703154976565,368.69171431895944,359.6992334819116,360.8482666015625,340724,0.0,0.0
2023-12-27 00:00:00+05:30,364.02062447662234,365.7191858585181,353.2296294089267,355.802490234375,522234,0.0,0.0
2023-12-28 00:00:00+05:30,355.9523738748528,359.549372382952,348.2088485484525,351.33123779296875,523990,0.0,0.0
2023-12-29 00:00:00+05:30,351.93073214471383,355.5027270388056,345.8607954373233,348.03399658203125,585214,0.0,0.0
2024-01-01 00:00:00+05:30,347.1846888599552,354.4036584318647,347.1597158460063,351.7059020996094,224374,0.0,0.0
2024-01-02 00:00:00+05:30,353.1297107712917,353.1297107712917,343.8874388961976,346.13555908203125,366116,0.0,0.0
2024-01-03 00:00:00+05:30,343.21301627808896,358.82496206948673,340.41536778910313,357.45111083984375,677248,0.0,0.0
2024-01-04 00:00:00+05:30,358.37533001430023,363.1213615902475,354.203830247011,361.3978271484375,513564,0.0,0.0
2024-01-05 00:00:00+05:30,361.6975652426178,364.5951363243218,353.6543028532543,358.6251220703125,411990,0.0,0.0
2024-01-08 00:00:00+05:30,358.6250994263071,364.6950358499569,354.4785729253332,358.05059814453125,320400,0.0,0.0
2024-01-09 00:00:00+05:30,361.0480982624224,370.0655517787293,358.0506047616835,364.44525146484375,732052,0.0,0.0
2024-01-10 00:00:00+05:30,366.54349584104085,378.18375594271095,363.8457395463348,367.3927917480469,921568,0.0,0.0
2024-01-11 00:00:00+05:30,419.5741565832081,424.6449288123292,383.7041557537124,388.55010986328125,5390510,0.0,0.0
2024-01-12 00:00:00+05:30,389.4993099219978,405.26112366996017,389.4993099219978,397.0679626464844,1594328,0.0,0.0
2024-01-15 00:00:00+05:30,397.0679626464844,397.0679626464844,397.0679626464844,397.0679626464844,0,0.0,0.0
2024-01-16 00:00:00+05:30,388.47514815701004,388.6500202409981,379.95727683254427,385.17791748046875,421432,0.0,0.0
2024-01-17 00:00:00+05:30,382.1554536336763,389.64918748952164,375.71083032081685,377.33447265625,406874,0.0,0.0
2024-01-18 00:00:00+05:30,375.6858603939647,385.1779233560462,367.6925442153697,383.1046447753906,462622,0.0,0.0
2024-01-19 00:00:00+05:30,385.52762571856607,390.1487614986443,382.18041856863385,383.0546875,393110,0.0,0.0
2024-01-23 00:00:00+05:30,388.17540430386487,395.66913797768467,379.8074017014328,384.403564453125,518468,0.0,0.0
2024-01-24 00:00:00+05:30,385.3777668371004,388.7998931148412,376.6850233325927,383.02972412109375,508694,0.0,0.0
2024-01-25 00:00:00+05:30,394.62003594604903,394.62003594604903,382.68000783884025,385.25286865234375,372248,0.0,0.0
2024-01-29 00:00:00+05:30,387.6758427096453,398.6666526833724,386.3269644780897,396.1437683105469,630542,0.0,0.0
2024-01-30 00:00:00+05:30,399.8656572799574,404.66163482924924,392.17207819871686,395.4443359375,518628,0.0,0.0
2024-01-31 00:00:00+05:30,396.9930539838273,397.9172689653827,390.44850810107505,393.79571533203125,566716,0.0,0.0
2024-02-01 00:00:00+05:30,393.7957224049658,395.11962761083515,387.4510215085246,389.89898681640625,216978,0.0,0.0
2024-02-02 00:00:00+05:30,392.6716461553322,392.6716461553322,380.6816722269252,384.4784851074219,510450,0.0,0.0
2024-02-05 00:00:00+05:30,379.68250572443173,411.65576936438384,379.68250572443173,399.3660583496094,1328138,0.0,0.0
2024-02-06 00:00:00+05:30,401.6391644185615,408.65828908001595,397.69245236386575,399.490966796875,647724,0.0,0.0
2024-02-07 00:00:00+05:30,401.8639955819269,403.3877154274743,391.19789567893037,393.0463562011719,260760,0.0,0.0
2024-02-08 00:00:00+05:30,394.6699713692447,404.6366432003398,392.69661541398244,393.6708068847656,411356,0.0,0.0
2024-02-09 00:00:00+05:30,399.490969744235,399.490969744235,383.17959662209415,392.12213134765625,315540,0.0,0.0
2024-02-12 00:00:00+05:30,392.0971098374286,395.01968424390867,384.67832575190255,385.677490234375,320592,0.0,0.0
2024-02-13 00:00:00+05:30,384.6783416594692,387.00141137411543,362.14719384481856,372.8132629394531,813546,0.0,0.0
2024-02-14 00:00:00+05:30,370.29038684390474,400.2403502085004,365.5193822351984,380.7066650390625,1174592,0.0,0.0
2024-02-15 00:00:00+05:30,389.17456621979056,409.1079098571485,384.67832604523585,386.626708984375,945730,0.0,0.0
2024-02-16 00:00:00+05:30,395.4193700470993,397.21785403746736,389.72411992413004,391.547607421875,268362,0.0,0.0
2024-02-19 00:00:00+05:30,394.6699904424847,403.66247123737674,389.69914079355857,392.6716613769531,403356,0.0,0.0
2024-02-20 00:00:00+05:30,396.0188771828378,421.8472870091016,392.52180124289714,415.6025085449219,2164082,0.0,0.0
2024-02-21 00:00:00+05:30,419.6241265985021,421.8472737603452,392.72160352448117,396.2436828613281,656638,0.0,0.0
2024-02-22 00:00:00+05:30,399.6658030347986,404.5617030235587,388.67499345134166,403.4626159667969,510094,0.0,0.0
2024-02-23 00:00:00+05:30,404.1620434544956,408.333543078238,401.4393140719916,403.9372253417969,492576,0.0,0.0
2024-02-26 00:00:00+05:30,405.6607866577861,417.05125584976105,402.48845156979456,408.45843505859375,350576,0.0,0.0
2024-02-27 00:00:00+05:30,411.65578539723816,448.1252906569449,406.23533003149794,435.26104736328125,4525710,0.0,0.0
2024-02-28 00:00:00+05:30,435.63574272418435,436.0853789674068,411.95553075083046,417.3510437011719,704476,0.0,0.0
2024-02-29 00:00:00+05:30,416.6516206299569,421.847288527691,411.73074737930176,415.20281982421875,402120,0.0,0.0
2024-03-01 00:00:00+05:30,417.0262813391406,420.6482526355872,410.4068165559797,414.4784240722656,288626,0.0,0.0
2024-03-04 00:00:00+05:30,427.1178509332946,427.1178509332946,408.65828068884804,415.9771728515625,266308,0.0,0.0
2024-03-05 00:00:00+05:30,411.53087739857176,422.24692273243477,410.65660846327887,417.3260192871094,342702,0.0,0.0
2024-03-06 00:00:00+05:30,412.7048875493419,417.80063263506105,395.5692223473177,402.988037109375,542476,0.0,0.0
2024-03-07 00:00:00+05:30,394.6700006211207,406.6599753235345,394.6700006211207,402.0638122558594,208110,0.0,0.0
2024-03-11 00:00:00+05:30,406.6599563244223,406.6599563244223,394.6450091677988,397.9172668457031,276018,0.0,0.0
2024-03-12 00:00:00+05:30,394.6700004766525,397.86733925962545,382.18044349954323,387.0263977050781,548556,0.0,0.0
2024-03-13 00:00:00+05:30,384.903160273221,391.6475208175261,352.2304681061993,355.9523620605469,670080,0.0,0.0
2024-03-14 00:00:00+05:30,355.5776819335689,367.16799673709073,342.2138561636736,363.2962341308594,1236492,0.0,0.0
2024-03-15 00:00:00+05:30,363.2962173150982,380.00724963078335,352.1055627485552,366.26873779296875,480708,0.0,0.0
2024-03-18 00:00:00+05:30,369.01646013999124,378.7832875314397,361.3478539128019,375.63592529296875,291300,0.0,0.0
2024-03-19 00:00:00+05:30,375.6359269164203,375.6359269164203,359.69924005599535,361.62261962890625,271884,0.0,0.0
2024-03-20 00:00:00+05:30,363.09638739346485,372.18879079726406,358.3753288480228,369.7908020019531,328920,0.0,0.0
2024-03-21 00:00:00+05:30,371.1646552715887,380.6816914596639,371.1646552715887,378.3336486816406,194884,0.0,0.0
2024-03-22 00:00:00+05:30,378.3336255970782,390.6733130673135,377.45935667397356,387.1012878417969,319348,0.0,0.0
2024-03-26 00:00:00+05:30,387.10129798954824,391.1229595349203,380.1820959564247,388.9747314453125,162922,0.0,0.0
2024-03-27 00:00:00+05:30,389.67416832925204,394.0954591961551,382.6800165900091,388.47515869140625,278170,0.0,0.0
2024-03-28 00:00:00+05:30,390.6733288540467,393.27116271466383,383.8290457667552,385.4776611328125,116202,0.0,0.0
2024-04-01 00:00:00+05:30,385.47765816888267,393.87066449897065,385.47765816888267,392.3719177246094,222654,0.0,0.0
2024-04-02 00:00:00+05:30,392.3719179938037,407.159540647481,388.9497612280823,405.51092529296875,404606,0.0,0.0
2024-04-03 00:00:00+05:30,404.16204884032436,407.259464954575,398.6916169881361,399.9655456542969,159108,0.0,0.0
2024-04-04 00:00:00+05:30,403.6624796914231,404.51177566047744,399.2411887381705,400.5650634765625,139588,0.0,0.0
2024-04-05 00:00:00+05:30,401.8639711941533,403.53755952273264,397.66746812763256,399.44097900390625,138616,0.0,0.0
2024-04-08 00:00:00+05:30,399.6657996628435,421.6474186442999,399.6657996628435,408.45843505859375,752680,0.0,0.0
2024-04-09 00:00:00+05:30,410.1570511647514,412.33022188212874,399.69079631858637,401.5892028808594,183504,0.0,0.0
2024-04-10 00:00:00+05:30,399.56590024644066,402.5134478864278,390.3985776327859,392.1720886230469,208224,0.0,0.0
2024-04-12 00:00:00+05:30,386.67667914834976,402.16372960519584,385.202905345169,400.4151916503906,475586,0.0,0.0
2024-04-15 00:00:00+05:30,425.79395649310595,480.49821427061585,413.67908662000445,475.5523681640625,10077956,0.0,0.0
2024-04-16 00:00:00+05:30,473.0544689465532,532.8044969094695,466.435003795076,493.48736572265625,12074758,0.0,0.0
2024-04-18 00:00:00+05:30,496.08518988944735,502.454863777756,474.67810199890556,480.3733215332031,2507978,0.0,0.0
2024-04-19 00:00:00+05:30,486.5431914446242,496.6347290396691,470.8812687758064,477.10107421875,1452048,0.0,0.0
2024-04-22 00:00:00+05:30,487.5922932796903,500.65638177699833,484.5947996734627,487.96697998046875,1803786,0.0,0.0
2024-04-23 00:00:00+05:30,491.73881841099256,498.08351928871343,472.1052414521908,475.2276306152344,1544804,0.0,0.0
2024-04-24 00:00:00+05:30,478.3250321181334,483.09603651477005,470.3816621337263,480.6480712890625,729636,0.0,0.0
2024-04-25 00:00:00+05:30,480.57316384444783,484.04526666965336,464.18687172147025,469.45745849609375,444254,0.0,0.0
2024-04-26 00:00:00+05:30,469.45745698864044,479.4491022135042,468.2085013355325,469.85711669921875,236106,0.0,0.0
2024-04-29 00:00:00+05:30,474.2784184164943,478.57484425719525,466.1102604542415,468.0086669921875,244582,0.0,0.0
2024-04-30 00:00:00+05:30,471.0561351708437,473.5290430167808,462.7880241983046,466.5099182128906,276214,0.0,0.0
2024-05-02 00:00:00+05:30,471.7305566985647,471.7305566985647,462.1135980367195,463.5873718261719,288182,0.0,0.0
2024-05-03 00:00:00+05:30,465.56070798638706,469.0078071940339,458.1169203122887,461.7388916015625,235900,0.0,0.0
2024-05-06 00:00:00+05:30,461.6140054632539,463.0628062053714,438.9579623053692,442.9546203613281,368980,0.0,0.0
2024-05-07 00:00:00+05:30,442.95461382118503,452.1219359048545,433.1378104193468,448.275146484375,252912,0.0,0.0
2024-05-08 00:00:00+05:30,450.07366352823095,451.44751472277125,438.1336354952121,440.43170166015625,224818,0.0,0.0
2024-05-09 00:00:00+05:30,440.43171756965756,443.1045010126503,437.13448678048894,439.7572937011719,171024,0.0,0.0
2024-05-10 00:00:00+05:30,442.5799225056265,443.6290330220221,433.9871018036307,437.7589416503906,251400,0.0,0.0
2024-05-13 00:00:00+05:30,429.6657303454492,432.5133554168673,401.36441270727033,418.37518310546875,1046556,0.0,0.0
2024-05-14 00:00:00+05:30,419.62413082906727,441.48085498760764,412.6549521132421,431.6141052246094,425756,0.0,0.0
2024-05-15 00:00:00+05:30,448.6248608995203,449.2243656984703,428.24191117978455,433.7872619628906,572152,0.0,0.0
2024-05-16 00:00:00+05:30,439.5824452709983,444.4033958121691,427.8672351089507,431.9388122558594,391846,0.0,0.0
2024-05-17 00:00:00+05:30,433.8622165156582,438.433375864854,431.6890154058376,434.4866943359375,186910,0.0,0.0
2024-05-21 00:00:00+05:30,441.5807739635089,454.1202765538056,436.1852611355411,449.2743225097656,807286,0.0,0.0
2024-05-22 00:00:00+05:30,450.5982385407564,457.29262272316925,444.77809284655314,447.4258728027344,277114,0.0,0.0
2024-05-23 00:00:00+05:30,450.57325015750206,454.120271988301,439.6323865233277,444.37841796875,229554,0.0,0.0
2024-05-24 00:00:00+05:30,444.62819721682195,450.07365587395,427.7423234658801,436.8097229003906,1445926,0.0,0.0
2024-05-27 00:00:00+05:30,439.45753688216206,443.1794002380636,427.7922730899519,432.76312255859375,278982,0.0,0.0
2024-05-28 00:00:00+05:30,436.13531650601476,436.13531650601476,415.1528614163783,416.9763488769531,520938,0.0,0.0
2024-05-29 00:00:00+05:30,416.9763322492524,445.6273617525416,414.42844450900645,442.4300231933594,739404,0.0,0.0
2024-05-30 00:00:00+05:30,445.6024026001968,456.1186030675774,430.29019414485253,433.6873474121094,841548,0.0,0.0
2024-05-31 00:00:00+05:30,435.08620903814096,445.07785438987617,429.69069615453856,441.9804382324219,414272,0.0,0.0
2024-06-03 00:00:00+05:30,461.6140112709405,461.6140112709405,429.64074642100525,433.3626403808594,394192,0.0,0.0
2024-06-04 00:00:00+05:30,441.20607094384343,441.20607094384343,413.8039665677782,425.5691223144531,741386,0.0,0.0
2024-06-05 00:00:00+05:30,429.5657996931243,447.12612855906434,415.9022368999118,444.75311279296875,2051456,0.0,0.0
2024-06-06 00:00:00+05:30,454.6198628578036,471.0311281278708,452.6215337902968,458.8413391113281,711898,0.0,0.0
2024-06-07 00:00:00+05:30,458.84134734320327,464.5365669925242,456.7181226708854,459.6906433105469,154250,0.0,0.0
2024-06-10 00:00:00+05:30,459.7905107950903,473.379154069994,459.7905107950903,469.3325500488281,658972,0.0,0.0
2024-06-11 00:00:00+05:30,474.5032330120488,478.15017747744207,468.60816833608794,473.4790954589844,252132,0.0,0.0
2024-06-12 00:00:00+05:30,487.6422478266436,489.5656578861491,474.6031626086494,476.15185546875,651060,0.0,0.0
2024-06-13 00:00:00+05:30,481.4474167175081,491.58893021602836,468.5831738790297,481.8470764160156,1385116,0.0,0.0
2024-06-14 00:00:00+05:30,488.5914451844548,496.9344749378612,484.5947871461362,488.7912902832031,1108900,0.0,0.0
2024-06-18 00:00:00+05:30,494.586420289929,521.7637064905714,485.0693846645843,513.9951782226562,1879082,0.0,0.0
2024-06-19 00:00:00+05:30,522.5630520721477,529.5572038207232,510.1983909452015,514.2449951171875,1874498,0.0,0.0
2024-06-20 00:00:00+05:30,519.2907341405923,528.4581170172019,517.0426140642018,523.1875,1890328,0.0,0.0
2024-06-21 00:00:00+05:30,525.8103379991137,534.2532905400652,514.6946325164722,518.9910278320312,803330,0.0,0.0
2024-06-24 00:00:00+05:30,517.9918787110145,530.756230454534,515.6188628631943,523.4623413085938,613422,0.0,0.0
2024-06-25 00:00:00+05:30,527.2840817891813,538.5496863566335,515.99353469876,520.8894653320312,749994,0.0,0.0
2024-06-26 00:00:00+05:30,525.210860184792,562.7544186548599,522.5630497836188,556.3598022460938,1861542,0.0,0.0
2024-06-27 00:00:00+05:30,561.9550704822584,585.435435762889,545.4688565618158,557.8585205078125,1537164,0.0,0.0
2024-06-28 00:00:00+05:30,563.4288855951537,588.0083078862855,556.2598315247591,573.3455810546875,1267042,0.0,0.0
2024-07-01 00:00:00+05:30,573.8951472227404,575.0192073587589,556.6845619782578,562.8793334960938,362568,0.0,0.0
2024-07-02 00:00:00+05:30,565.5271044606063,567.500429945581,552.1882828391664,554.5112915039062,225910,0.0,0.0
2024-07-03 00:00:00+05:30,555.960076478445,559.0325194119915,539.5488123011179,545.3689575195312,508910,0.0,0.0
2024-07-04 00:00:00+05:30,548.541295619362,553.8868011556864,532.5796675585281,539.8984985351562,376322,0.0,0.0
2024-07-05 00:00:00+05:30,537.0509475738518,558.5079819692993,535.2274600666518,540.97265625,337380,0.0,0.0
2024-07-08 00:00:00+05:30,547.8169423554301,548.5413122265455,522.0634528932059,529.4072875976562,449540,0.0,0.0
2024-07-09 00:00:00+05:30,529.4072981054492,534.5530197924434,490.914521448276,501.75543212890625,958160,0.0,0.0
2024-07-10 00:00:00+05:30,509.5739077933098,511.7470784385369,487.09270597889906,493.3624572753906,382722,0.0,0.0
2024-07-11 00:00:00+05:30,494.58642755244813,497.08433880271303,484.0952003013356,489.5156555175781,611692,0.0,0.0
2024-07-12 00:00:00+05:30,491.0893711370762,492.56314493117355,481.547361982212,482.8962097167969,304656,0.0,0.0
2024-07-15 00:00:00+05:30,484.594805404902,488.84125473061505,477.07609828543826,478.375,362590,0.0,0.0
2024-07-16 00:00:00+05:30,478.37499889241076,490.5648185371849,478.37499889241076,487.2425842285156,301266,0.0,0.0
2024-07-18 00:00:00+05:30,489.61559583477157,494.611418516606,481.09772426066013,483.2958984375,269828,0.0,0.0
2024-07-19 00:00:00+05:30,483.39578693291077,485.79380619617376,474.62812428936036,475.6272888183594,220626,0.0,0.0
2024-07-22 00:00:00+05:30,472.0302890835575,484.09521293400854,466.11025146277603,470.4066467285156,433326,0.0,0.0
2024-07-23 00:00:00+05:30,474.0036479572164,526.7345500434249,468.9079027447956,494.4615478515625,2992930,0.0,0.0
2024-07-24 00:00:00+05:30,492.0885238392062,515.8186810801831,485.09437223133926,487.517333984375,1630282,0.0,0.0
2024-07-25 00:00:00+05:30,482.6464116786005,493.5872754258647,465.23598202463205,468.50823974609375,1019250,0.0,0.0
2024-07-26 00:00:00+05:30,472.25509909973243,486.4432473249446,472.03028098678203,476.1268615722656,658174,0.0,0.0
2024-07-29 00:00:00+05:30,479.0993882554312,484.1701604009526,474.00364309527833,475.0028076171875,627026,0.0,0.0
2024-07-30 00:00:00+05:30,476.10189758781985,494.58644135565754,475.32755117704295,486.3932800292969,227942,0.0,0.0
2024-07-31 00:00:00+05:30,491.5889441242004,505.57724741228736,482.0719081641146,484.8196105957031,724004,0.0,0.0
2024-08-01 00:00:00+05:30,490.4399161164852,495.08602508699835,488.69137818731826,492.0885314941406,347248,0.0,0.0
2024-08-02 00:00:00+05:30,487.092693257751,499.58224949512925,484.99444171145535,493.237548828125,447726,0.0,0.0
2024-08-05 00:00:00+05:30,483.54569162692496,506.57642209124236,477.1010681431326,491.8387451171875,1316606,0.0,0.0
2024-08-06 00:00:00+05:30,498.53315021848556,521.5638802431163,496.4598716394606,498.9078369140625,869390,0.0,0.0
2024-08-07 00:00:00+05:30,509.57389691720334,514.0701371841199,497.6338689004483,507.4007263183594,515280,0.0,0.0
2024-08-08 00:00:00+05:30,507.0759913077437,528.3581832781132,506.5764090502977,516.5680541992188,640002,0.0,0.0
2024-08-09 00:00:00+05:30,523.4123069995923,526.559699616773,514.6196714608884,517.5172729492188,263684,0.0,0.0
2024-08-12 00:00:00+05:30,516.56807043793,521.0643108962872,505.35244230727807,517.3174438476562,259862,0.0,0.0
2024-08-13 00:00:00+05:30,562.5046032165208,569.5237581381152,535.1025293310058,540.273193359375,1789948,0.0,0.0
2024-08-14 00:00:00+05:30,543.045889109407,587.5087079969297,541.5721459107316,549.165771484375,1617312,0.0,0.0
2024-08-16 00:00:00+05:30,549.5405065425308,572.0217090829071,549.5405065425308,557.0342407226562,647142,0.0,0.0
2024-08-19 00:00:00+05:30,563.5287962602982,574.494602609464,554.2365783060302,559.2073974609375,624390,0.0,0.0
2024-08-20 00:00:00+05:30,564.4280492993701,564.4280492993701,544.0200656409152,548.0167236328125,428036,0.0,0.0
2024-08-21 00:00:00+05:30,546.9426744461646,554.736145388553,537.6503957620719,544.4447631835938,470740,0.0,0.0
2024-08-22 00:00:00+05:30,547.3423415541374,554.536338685266,540.2982435028064,548.0667724609375,483476,0.0,0.0
2024-08-23 00:00:00+05:30,550.5396570486024,568.0500398629152,540.0484294641917,545.1192016601562,622414,0.0,0.0
2024-08-26 00:00:00+05:30,548.7911233267188,551.2140851382015,537.1258895247543,549.06591796875,1063692,0.0,0.0
2024-08-27 00:00:00+05:30,551.0392606551226,551.0392606551226,535.5522098116876,538.57470703125,422022,0.0,0.0
2024-08-28 00:00:00+05:30,537.5755461210043,543.0459477883148,528.6080074488117,533.104248046875,331416,0.0,0.0
2024-08-29 00:00:00+05:30,533.0043089104076,549.0408867637262,530.0817649766049,547.7919311523438,604246,0.0,0.0
2024-08-30 00:00:00+05:30,551.0142339005537,552.4380921408408,531.8802697723711,544.0950317382812,1376840,0.0,0.0
2024-09-02 00:00:00+05:30,544.0700657530646,582.5128949314181,543.5954260320495,578.5911865234375,1717830,0.0,0.0
2024-09-03 00:00:00+05:30,579.5154359925447,598.124875639719,574.494609761185,595.2023315429688,1161720,0.0,0.0
2024-09-04 00:00:00+05:30,594.7526717320278,614.486170710117,586.0099823113554,591.3055419921875,942410,0.0,0.0
2024-09-05 00:00:00+05:30,597.9000870325302,606.9924599818019,588.5079159329733,597.9749755859375,525656,0.0,0.0
2024-09-06 00:00:00+05:30,600.0,605.0,588.2750244140625,595.125,283292,0.5,0.0
2024-09-09 00:00:00+05:30,594.5,625.7249755859375,584.1749877929688,611.3499755859375,1586282,0.0,0.0
2024-09-10 00:00:00+05:30,616.0,632.5,612.0,621.3250122070312,867088,0.0,0.0
2024-09-11 00:00:00+05:30,627.4500122070312,627.75,597.2999877929688,608.7249755859375,589154,0.0,0.0
2024-09-12 00:00:00+05:30,607.5,625.0,592.5999755859375,619.8499755859375,638112,0.0,0.0
2024-09-13 00:00:00+05:30,624.4249877929688,664.5,614.0499877929688,626.0250244140625,3267284,0.0,0.0
2024-09-16 00:00:00+05:30,634.7249755859375,658.7000122070312,632.5,642.1500244140625,750842,0.0,0.0
2024-09-17 00:00:00+05:30,642.5999755859375,647.2000122070312,624.2750244140625,640.7249755859375,561014,0.0,0.0
2024-09-18 00:00:00+05:30,645.0,648.125,626.375,630.4249877929688,529530,0.0,0.0
2024-09-19 00:00:00+05:30,636.625,674.4749755859375,622.0250244140625,640.4000244140625,748872,0.0,0.0
2024-09-20 00:00:00+05:30,645.0,648.7249755859375,626.2249755859375,642.2999877929688,528928,0.0,0.0
2024-09-23 00:00:00+05:30,645.0,672.5,637.0,666.125,1263352,0.0,0.0
2024-09-24 00:00:00+05:30,673.4749755859375,703.5,672.625,689.5250244140625,1316094,0.0,0.0
2024-09-25 00:00:00+05:30,700.0,741.0,695.0250244140625,726.8499755859375,2029988,0.0,0.0
2024-09-26 00:00:00+05:30,730.0,739.5,707.5,725.2999877929688,760334,0.0,0.0
2024-09-27 00:00:00+05:30,728.9000244140625,750.0,712.5,732.1500244140625,1070128,0.0,0.0
2024-09-30 00:00:00+05:30,729.4749755859375,731.3250122070312,713.0999755859375,715.5499877929688,498596,0.0,0.0
2024-10-01 00:00:00+05:30,739.0,772.0,734.0,738.7999877929688,1301666,0.0,0.0
2024-10-03 00:00:00+05:30,724.7750244140625,726.9500122070312,703.1749877929688,707.2000122070312,1727976,0.0,0.0
2024-10-04 00:00:00+05:30,700.0,722.5,687.5,697.5499877929688,1116220,0.0,0.0
2024-10-07 00:00:00+05:30,714.8499755859375,772.0,668.2000122070312,687.75,3147766,0.0,0.0
2024-10-08 00:00:00+05:30,690.7999877929688,693.25,664.9249877929688,679.2999877929688,1404384,0.0,0.0
2024-10-09 00:00:00+05:30,699.5,710.0,695.0,706.4500122070312,874318,0.0,0.0
2024-10-10 00:00:00+05:30,711.7750244140625,731.2750244140625,705.5,710.3250122070312,670644,0.0,0.0
2024-10-11 00:00:00+05:30,710.8250122070312,713.5,694.0,695.1749877929688,450598,0.0,0.0
2024-10-14 00:00:00+05:30,694.5,709.8250122070312,694.0,700.375,431088,0.0,0.0
2024-10-15 00:00:00+05:30,703.4000244140625,721.1749877929688,697.5750122070312,699.1749877929688,568214,0.0,0.0
2024-10-16 00:00:00+05:30,696.5,709.9749755859375,686.0,691.5499877929688,694162,0.0,0.0
2024-10-17 00:00:00+05:30,692.4500122070312,697.2000122070312,676.0499877929688,678.4000244140625,482628,0.0,0.0
2024-10-18 00:00:00+05:30,674.0250244140625,693.9749755859375,664.0499877929688,690.4749755859375,416394,0.0,0.0
2024-10-21 00:00:00+05:30,692.5,704.0,675.0999755859375,678.0750122070312,388642,0.0,0.0
2024-10-22 00:00:00+05:30,669.5499877929688,679.8250122070312,634.4000244140625,637.0999755859375,766586,0.0,0.0
2024-10-23 00:00:00+05:30,637.0999755859375,649.9500122070312,620.0499877929688,633.5,708270,0.0,0.0
2024-10-24 00:00:00+05:30,631.0,640.8499755859375,624.7999877929688,627.0499877929688,404890,0.0,0.0
2024-10-25 00:00:00+05:30,626.9000244140625,628.6749877929688,598.0250244140625,602.0,761380,0.0,0.0
2024-10-28 00:00:00+05:30,607.4500122070312,625.0,600.4000244140625,606.2000122070312,650730,0.0,0.0
2024-10-29 00:00:00+05:30,599.5,599.5,517.7999877929688,572.8250122070312,7346246,0.0,0.0
2024-10-30 00:00:00+05:30,572.8499755859375,618.5750122070312,571.9500122070312,608.1749877929688,3292910,0.0,0.0
2024-10-31 00:00:00+05:30,612.5,616.75,591.5999755859375,610.375,1177156,0.0,0.0
2024-11-01 00:00:00+05:30,623.8499755859375,623.8499755859375,611.625,615.4749755859375,190514,0.0,0.0
2024-11-04 00:00:00+05:30,615.5,615.5,590.0999755859375,594.4000244140625,652006,0.0,0.0
2024-11-05 00:00:00+05:30,586.25,597.5999755859375,572.6749877929688,577.7750244140625,819478,0.0,0.0
2024-11-06 00:00:00+05:30,583.125,598.5,569.5499877929688,593.9749755859375,775204,0.0,0.0
2024-11-07 00:00:00+05:30,597.0,602.7000122070312,571.0250244140625,576.5999755859375,508850,0.0,0.0
2024-11-08 00:00:00+05:30,577.625,583.5,550.5,565.5,881914,0.0,0.0
2024-11-11 00:00:00+05:30,565.0,574.875,557.6500244140625,563.2750244140625,319248,0.0,0.0
2024-11-12 00:00:00+05:30,564.9749755859375,571.2750244140625,546.7750244140625,549.9000244140625,287042,0.0,0.0
2024-11-13 00:00:00+05:30,547.5,549.75,525.5750122070312,529.3499755859375,658324,0.0,0.0
2024-11-14 00:00:00+05:30,512.5,557.25,508.0249938964844,539.1500244140625,1452192,0.0,0.0
2024-11-18 00:00:00+05:30,539.1749877929688,561.0999755859375,537.2750244140625,552.1500244140625,700876,0.0,0.0
2024-11-19 00:00:00+05:30,560.5499877929688,571.4500122070312,552.5,560.375,565418,0.0,0.0
2024-11-21 00:00:00+05:30,560.5,562.5,548.1500244140625,554.25,405216,0.0,0.0
2024-11-22 00:00:00+05:30,555.9000244140625,561.0,550.0,558.4500122070312,234586,0.0,0.0
2024-11-25 00:00:00+05:30,569.5999755859375,587.5,561.2999877929688,580.9500122070312,975128,0.0,0.0
2024-11-26 00:00:00+05:30,582.1749877929688,582.4249877929688,564.4749755859375,572.0999755859375,340088,0.0,0.0
2024-11-27 00:00:00+05:30,573.5,578.9749755859375,570.1500244140625,575.625,242226,0.0,0.0
2024-11-28 00:00:00+05:30,575.625,588.5,572.5,574.4749755859375,268380,0.0,0.0
2024-11-29 00:00:00+05:30,574.4749755859375,578.5,568.5750122070312,575.6749877929688,231974,0.0,0.0
2024-12-02 00:00:00+05:30,576.0,584.0,568.5999755859375,574.9000244140625,370934,0.0,0.0
2024-12-03 00:00:00+05:30,574.5,579.2000122070312,568.125,572.2000122070312,368130,0.0,0.0
2024-12-04 00:00:00+05:30,575.4749755859375,575.9000244140625,555.0750122070312,562.9749755859375,471580,0.0,0.0
2024-12-05 00:00:00+05:30,566.5,571.2999877929688,555.1749877929688,559.0,478898,0.0,0.0
2024-12-06 00:00:00+05:30,560.2000122070312,596.0,555.625,571.2000122070312,1723792,0.0,0.0
2024-12-09 00:00:00+05:30,575.0,591.8250122070312,568.0,571.4500122070312,1768272,0.0,0.0
2024-12-10 00:00:00+05:30,575.5,589.0,573.4000244140625,583.0750122070312,1625806,0.0,0.0
2024-12-11 00:00:00+05:30,592.5,595.0,575.6500244140625,577.4249877929688,1931664,0.0,0.0
2024-12-12 00:00:00+05:30,582.5,596.0,580.0,583.9000244140625,1144238,0.0,0.0
2024-12-13 00:00:00+05:30,582.5250244140625,584.9500122070312,570.0,576.4000244140625,650194,0.0,0.0
2024-12-16 00:00:00+05:30,576.9749755859375,584.0,565.8499755859375,575.125,1078282,0.0,0.0
2024-12-17 00:00:00+05:30,574.9500122070312,583.6500244140625,572.5750122070312,577.6749877929688,592854,0.0,0.0
2024-12-18 00:00:00+05:30,579.4500122070312,582.4000244140625,563.5,571.9000244140625,816716,0.0,0.0
2024-12-19 00:00:00+05:30,551.1749877929688,567.0,550.125,562.8250122070312,469954,0.0,0.0
2024-12-20 00:00:00+05:30,562.4000244140625,569.4749755859375,546.0250244140625,550.875,554630,0.0,0.0
2024-12-23 00:00:00+05:30,557.5,557.5,532.0,540.5499877929688,1009976,0.0,0.0
2024-12-24 00:00:00+05:30,541.0,555.5,532.0250244140625,533.0750122070312,350658,0.0,0.0
2024-12-26 00:00:00+05:30,533.0750122070312,536.25,523.5,529.125,349484,0.0,0.0
2024-12-27 00:00:00+05:30,529.0,543.9500122070312,525.5250244140625,532.2249755859375,396334,0.0,0.0
2024-12-30 00:00:00+05:30,532.2249755859375,540.1500244140625,527.0,532.4749755859375,436308,0.0,0.0
2024-12-31 00:00:00+05:30,529.5,537.9500122070312,527.5,536.2750244140625,272682,0.0,0.0
2025-01-01 00:00:00+05:30,535.0,567.5,534.9749755859375,563.2249755859375,545686,0.0,0.0
2025-01-02 00:00:00+05:30,560.0,577.2750244140625,551.3499755859375,574.0499877929688,633240,0.0,0.0
2025-01-03 00:00:00+05:30,572.1500244140625,582.0,565.0,566.8250122070312,423650,0.0,0.0
2025-01-06 00:00:00+05:30,567.5,570.4500122070312,547.5499877929688,550.0499877929688,464386,0.0,0.0
2025-01-07 00:00:00+05:30,550.2750244140625,579.0,550.2750244140625,575.625,756174,0.0,0.0
2025-01-08 00:00:00+05:30,579.75,582.25,554.7999877929688,559.4249877929688,422258,0.0,0.0
2025-01-09 00:00:00+05:30,560.9249877929688,567.4749755859375,555.0750122070312,563.7750244140625,343660,0.0,0.0
2025-01-10 00:00:00+05:30,560.0,560.0,526.5,537.625,1161888,0.0,0.0
2025-01-13 00:00:00+05:30,526.5499877929688,533.125,503.0,506.0,823792,0.0,0.0
2025-01-14 00:00:00+05:30,507.4750061035156,532.1749877929688,497.4750061035156,521.625,534788,0.0,0.0
2025-01-15 00:00:00+05:30,525.5999755859375,532.875,508.3500061035156,522.2000122070312,675482,0.0,0.0
2025-01-16 00:00:00+05:30,525.9500122070312,537.375,522.0,523.1749877929688,283062,0.0,0.0
2025-01-17 00:00:00+05:30,526.9500122070312,526.9500122070312,511.1499938964844,513.5,587980,0.0,0.0
2025-01-20 00:00:00+05:30,513.5,517.5999755859375,509.29998779296875,510.625,450364,0.0,0.0
2025-01-21 00:00:00+05:30,508.5,518.5,495.0,496.95001220703125,331308,0.0,0.0
2025-01-22 00:00:00+05:30,492.125,494.67498779296875,464.875,467.75,1047464,0.0,0.0
2025-01-23 00:00:00+05:30,470.70001220703125,478.95001220703125,465.5249938964844,468.25,465504,0.0,0.0
2025-01-24 00:00:00+05:30,469.1499938964844,473.3999938964844,450.75,453.20001220703125,537802,0.0,0.0
2025-01-27 00:00:00+05:30,450.0,450.5,430.4750061035156,441.9750061035156,738340,0.0,0.0
2025-01-28 00:00:00+05:30,445.4750061035156,447.9750061035156,413.20001220703125,419.9750061035156,807046,0.0,0.0
2025-01-29 00:00:00+05:30,424.79998779296875,452.9750061035156,407.5,447.2250061035156,994904,0.0,0.0
2025-01-30 00:00:00+05:30,453.0,474.4750061035156,447.6499938964844,450.6499938964844,675386,0.0,0.0
2025-01-31 00:00:00+05:30,449.0,474.79998779296875,444.70001220703125,469.79998779296875,440330,0.0,2.0
2025-02-01 00:00:00+05:30,474.95001220703125,510.8999938964844,472.0,495.3999938964844,691602,0.0,0.0
2025-02-03 00:00:00+05:30,495.3999938964844,515.2000122070312,480.0,510.95001220703125,660813,0.0,0.0
2025-02-04 00:00:00+05:30,515.0999755859375,540.7000122070312,515.0999755859375,533.4000244140625,1194865,0.0,0.0
2025-02-05 00:00:00+05:30,545.0,546.6500244140625,518.8499755859375,525.25,629543,0.0,0.0
2025-02-06 00:00:00+05:30,520.0999755859375,524.6500244140625,500.0,502.04998779296875,391970,0.0,0.0
2025-02-07 00:00:00+05:30,502.04998779296875,503.0,487.8999938964844,497.6499938964844,348412,0.0,0.0
2025-02-10 00:00:00+05:30,490.0,496.3500061035156,463.3999938964844,472.25,440516,0.0,0.0
2025-02-11 00:00:00+05:30,472.29998779296875,476.54998779296875,422.25,432.70001220703125,1781438,0.0,0.0
2025-02-12 00:00:00+05:30,437.04998779296875,452.0,424.1000061035156,439.95001220703125,918012,0.0,0.0
2025-02-13 00:00:00+05:30,445.8999938964844,458.20001220703125,435.54998779296875,447.0,786042,0.0,0.0
2025-02-14 00:00:00+05:30,380.0,398.3999938964844,357.6000061035156,357.6000061035156,4816064,0.0,0.0
2025-02-17 00:00:00+05:30,338.04998779296875,346.25,304.54998779296875,325.45001220703125,7767666,0.0,0.0
2025-02-18 00:00:00+05:30,337.0,347.1499938964844,326.0,342.1000061035156,2047641,0.0,0.0
2025-02-19 00:00:00+05:30,340.0,342.5,320.0,322.20001220703125,1187868,0.0,0.0
2025-02-20 00:00:00+05:30,320.5,337.8999938964844,310.6499938964844,335.8999938964844,1318159,0.0,0.0
2025-02-21 00:00:00+05:30,335.0,341.95001220703125,323.20001220703125,324.8500061035156,1073985,0.0,0.0
2025-02-24 00:00:00+05:30,323.0,329.6499938964844,312.0,313.45001220703125,1834649,0.0,0.0
2025-02-25 00:00:00+05:30,313.95001220703125,320.1000061035156,296.6000061035156,304.0,973502,0.0,0.0
2025-02-27 00:00:00+05:30,310.79998779296875,311.0,295.75,304.0,682954,0.0,0.0
2025-02-28 00:00:00+05:30,299.0,302.79998779296875,285.70001220703125,293.75,671608,0.0,0.0
2025-03-03 00:00:00+05:30,290.0,298.0,274.0,284.6499938964844,883406,0.0,0.0
2025-03-04 00:00:00+05:30,274.0,292.5,274.0,287.20001220703125,836607,0.0,0.0
2025-03-05 00:00:00+05:30,287.5,302.0,287.5,296.0,1011401,0.0,0.0
2025-03-06 00:00:00+05:30,302.45001220703125,303.0,295.0,296.75,526870,0.0,0.0
2025-03-07 00:00:00+05:30,296.75,303.3999938964844,291.5,300.1000061035156,683664,0.0,0.0
2025-03-10 00:00:00+05:30,302.1000061035156,305.0,286.0,289.6000061035156,442234,0.0,0.0
2025-03-11 00:00:00+05:30,283.79998779296875,289.0,269.0,270.04998779296875,877295,0.0,0.0
2025-03-12 00:00:00+05:30,277.79998779296875,277.95001220703125,260.04998779296875,263.1499938964844,933271,0.0,0.0
2025-03-13 00:00:00+05:30,268.0,269.75,250.25,252.64999389648438,2667752,0.0,0.0
2025-03-17 00:00:00+05:30,256.45001220703125,256.45001220703125,227.39999389648438,237.6999969482422,2294219,0.0,0.0
2025-03-18 00:00:00+05:30,237.6999969482422,237.6999969482422,237.6999969482422,237.6999969482422,0,0.0,0.0
2025-03-19 00:00:00+05:30,262.0,262.0,262.0,262.0,116130,0.0,0.0
2025-03-20 00:00:00+05:30,275.1000061035156,275.1000061035156,275.1000061035156,275.1000061035156,141195,0.0,0.0
2025-03-21 00:00:00+05:30,281.95001220703125,288.8500061035156,278.0,288.8500061035156,795371,0.0,0.0
2025-03-24 00:00:00+05:30,303.25,303.25,297.95001220703125,303.25,2322919,0.0,0.0
2025-03-25 00:00:00+05:30,307.0,316.8999938964844,288.1000061035156,289.1499938964844,1770922,0.0,0.0
2025-03-26 00:00:00+05:30,294.95001220703125,296.70001220703125,276.0,277.04998779296875,1076261,0.0,0.0
2025-03-27 00:00:00+05:30,277.04998779296875,289.45001220703125,277.04998779296875,279.25,866070,0.0,0.0
2025-03-28 00:00:00+05:30,280.1499938964844,284.6000061035156,270.0,272.3500061035156,891401,0.0,0.0
2025-04-01 00:00:00+05:30,270.0,285.95001220703125,269.1000061035156,285.95001220703125,1429300,0.0,0.0
2025-04-02 00:00:00+05:30,287.0,293.8999938964844,278.70001220703125,291.3500061035156,1150373,0.0,0.0
2025-04-03 00:00:00+05:30,285.8999938964844,305.8999938964844,285.0,305.8999938964844,318724,0.0,0.0
2025-04-04 00:00:00+05:30,312.0,317.3999938964844,295.0,299.3500061035156,1473853,0.0,0.0
2025-04-07 00:00:00+05:30,284.3999938964844,295.0,284.3999938964844,288.70001220703125,513190,0.0,0.0
2025-04-08 00:00:00+05:30,303.0,303.1000061035156,297.70001220703125,303.1000061035156,724362,0.0,0.0
2025-04-09 00:00:00+05:30,318.25,318.25,312.25,318.25,1316936,0.0,0.0
2025-04-11 00:00:00+05:30,334.1499938964844,334.1499938964844,323.54998779296875,333.8500061035156,1523053,0.0,0.0
2025-04-15 00:00:00+05:30,335.54998779296875,344.79998779296875,328.54998779296875,338.6000061035156,1217569,0.0,0.0
2025-04-16 00:00:00+05:30,344.0,351.0,340.5,346.75,626499,0.0,0.0
2025-04-17 00:00:00+05:30,348.0,364.04998779296875,345.1499938964844,364.04998779296875,921808,0.0,0.0
2025-04-21 00:00:00+05:30,373.5,382.25,370.54998779296875,382.25,261094,0.0,0.0
2025-04-22 00:00:00+05:30,401.3500061035156,401.3500061035156,375.3999938964844,395.5,2091378,0.0,0.0
2025-04-23 00:00:00+05:30,401.0,401.0,376.1499938964844,386.3999938964844,1583354,0.0,0.0
2025-04-24 00:00:00+05:30,386.0,405.70001220703125,382.0,384.95001220703125,1494583,0.0,0.0
2025-04-25 00:00:00+05:30,389.5,389.79998779296875,365.70001220703125,374.25,1115601,0.0,0.0
2025-04-28 00:00:00+05:30,368.5,373.75,361.1000061035156,363.3500061035156,414331,0.0,0.0
2025-04-29 00:00:00+05:30,361.0,377.8500061035156,360.95001220703125,365.25,421569,0.0,0.0
2025-04-30 00:00:00+05:30,365.0,367.0,347.0,347.29998779296875,434882,0.0,0.0
2025-05-02 00:00:00+05:30,346.0,350.0,335.79998779296875,339.45001220703125,348307,0.0,0.0
2025-05-05 00:00:00+05:30,340.6499938964844,346.3999938964844,328.0,339.79998779296875,380025,0.0,0.0
2025-05-06 00:00:00+05:30,344.95001220703125,348.70001220703125,329.0,330.29998779296875,286900,0.0,0.0
2025-05-07 00:00:00+05:30,323.1000061035156,334.25,321.3500061035156,331.3500061035156,380505,0.0,0.0
2025-05-08 00:00:00+05:30,336.70001220703125,347.8999938964844,328.54998779296875,335.29998779296875,720940,0.0,0.0
2025-05-09 00:00:00+05:30,323.5,337.5,323.5,334.5,363004,0.0,0.0
2025-05-12 00:00:00+05:30,351.20001220703125,351.20001220703125,347.5,351.20001220703125,267253,0.0,0.0
2025-05-13 00:00:00+05:30,363.29998779296875,368.75,352.6499938964844,355.20001220703125,1419871,0.0,0.0
2025-05-14 00:00:00+05:30,362.29998779296875,362.29998779296875,355.79998779296875,359.29998779296875,400210,0.0,0.0
2025-05-15 00:00:00+05:30,361.25,367.95001220703125,358.5,362.8999938964844,362579,0.0,0.0
2025-05-16 00:00:00+05:30,364.8500061035156,368.0,360.5,362.0,300913,0.0,0.0
2025-05-19 00:00:00+05:30,363.0,370.75,356.79998779296875,367.95001220703125,531263,0.0,0.0
2025-05-20 00:00:00+05:30,369.95001220703125,371.70001220703125,353.5,356.1499938964844,403468,0.0,0.0
2025-05-21 00:00:00+05:30,351.0,368.0,351.0,361.0,287816,0.0,0.0
2025-05-22 00:00:00+05:30,362.75,362.8500061035156,352.25,355.04998779296875,247064,0.0,0.0
2025-05-23 00:00:00+05:30,356.95001220703125,361.5,351.5,360.04998779296875,210082,0.0,0.0
2025-05-26 00:00:00+05:30,360.04998779296875,366.95001220703125,359.79998779296875,364.1000061035156,249369,0.0,0.0
2025-05-27 00:00:00+05:30,365.5,367.54998779296875,361.95001220703125,364.20001220703125,184288,0.0,0.0
2025-05-28 00:00:00+05:30,364.5,378.0,364.5,369.1499938964844,615412,0.0,0.0
2025-05-29 00:00:00+05:30,370.8999938964844,385.5,365.1499938964844,380.70001220703125,803573,0.0,0.0
2025-05-30 00:00:00+05:30,397.1000061035156,399.70001220703125,380.0,381.04998779296875,2343523,0.0,0.0
2025-06-02 00:00:00+05:30,382.8500061035156,389.1499938964844,373.29998779296875,378.54998779296875,828585,0.0,0.0
2025-06-03 00:00:00+05:30,382.29998779296875,385.8999938964844,375.0,377.8500061035156,575195,0.0,0.0
2025-06-04 00:00:00+05:30,379.95001220703125,380.04998779296875,366.6000061035156,372.04998779296875,382235,0.0,0.0
2025-06-05 00:00:00+05:30,374.0,376.6499938964844,368.0,369.70001220703125,351516,0.0,0.0
2025-06-06 00:00:00+05:30,372.8999938964844,375.0,365.3999938964844,368.3500061035156,350281,0.0,0.0
